"date","FCmean","FCH4mean"
20190101,NA,NA
20190102,NA,NA
20190103,NA,NA
20190104,NA,NA
20190105,NA,NA
20190106,NA,NA
20190107,NA,NA
20190108,NA,NA
20190109,NA,NA
20190110,NA,NA
20190111,NA,NA
20190112,NA,NA
20190113,NA,NA
20190114,NA,NA
20190115,NA,NA
20190116,NA,NA
20190117,NA,NA
20190118,NA,NA
20190119,NA,NA
20190120,NA,NA
20190121,NA,NA
20190122,NA,NA
20190123,NA,NA
20190124,NA,NA
20190125,NA,NA
20190126,NA,NA
20190127,NA,NA
20190128,NA,NA
20190129,NA,NA
20190130,NA,NA
20190131,NA,NA
20190201,NA,NA
20190202,NA,NA
20190203,NA,NA
20190204,NA,NA
20190205,NA,NA
20190206,NA,NA
20190207,NA,NA
20190208,NA,NA
20190209,NA,NA
20190210,NA,NA
20190211,NA,NA
20190212,NA,NA
20190213,NA,NA
20190214,NA,NA
20190215,NA,NA
20190216,NA,NA
20190217,NA,NA
20190218,NA,NA
20190219,NA,NA
20190220,NA,NA
20190221,NA,NA
20190222,NA,NA
20190223,NA,NA
20190224,NA,NA
20190225,NA,NA
20190226,NA,NA
20190227,NA,NA
20190228,NA,NA
20190301,NA,NA
20190302,NA,NA
20190303,NA,NA
20190304,NA,NA
20190305,NA,NA
20190306,NA,NA
20190307,NA,NA
20190308,NA,NA
20190309,NA,NA
20190310,NA,NA
20190311,NA,NA
20190312,NA,NA
20190313,NA,NA
20190314,NA,NA
20190315,NA,NA
20190316,NA,NA
20190317,NA,NA
20190318,NA,NA
20190319,NA,NA
20190320,NA,NA
20190321,NA,NA
20190322,NA,NA
20190323,NA,NA
20190324,NA,NA
20190325,NA,NA
20190326,NA,NA
20190327,NA,NA
20190328,NA,NA
20190329,NA,NA
20190330,NA,NA
20190331,NA,NA
20190401,NA,NA
20190402,NA,NA
20190403,NA,NA
20190404,NA,NA
20190405,NA,NA
20190406,NA,NA
20190407,NA,NA
20190408,NA,NA
20190409,NA,NA
20190410,NA,NA
20190411,NA,NA
20190412,NA,NA
20190413,NA,NA
20190414,NA,NA
20190415,NA,NA
20190416,NA,NA
20190417,NA,NA
20190418,NA,NA
20190419,NA,NA
20190420,NA,NA
20190421,NA,NA
20190422,NA,NA
20190423,NA,NA
20190424,NA,NA
20190425,NA,NA
20190426,NA,NA
20190427,NA,NA
20190428,NA,NA
20190429,NA,NA
20190430,NA,NA
20190501,NA,NA
20190502,NA,NA
20190503,NA,NA
20190504,NA,NA
20190505,NA,NA
20190506,NA,NA
20190507,NA,NA
20190508,NA,NA
20190509,NA,NA
20190510,NA,NA
20190511,NA,NA
20190512,NA,NA
20190513,NA,NA
20190514,NA,NA
20190515,NA,NA
20190516,NA,NA
20190517,NA,NA
20190518,NA,NA
20190519,NA,NA
20190520,NA,NA
20190521,NA,NA
20190522,NA,NA
20190523,NA,NA
20190524,NA,NA
20190525,NA,NA
20190526,NA,NA
20190527,NA,NA
20190528,NA,NA
20190529,NA,NA
20190530,NA,NA
20190531,NA,NA
20190601,NA,NA
20190602,NA,NA
20190603,NA,NA
20190604,NA,NA
20190605,NA,NA
20190606,NA,NA
20190607,NA,NA
20190608,NA,NA
20190609,NA,NA
20190610,NA,NA
20190611,NA,NA
20190612,NA,NA
20190613,NA,NA
20190614,NA,NA
20190615,NA,NA
20190616,NA,NA
20190617,NA,NA
20190618,NA,NA
20190619,NA,NA
20190620,NA,NA
20190621,NA,NA
20190622,NA,NA
20190623,NA,NA
20190624,NA,NA
20190625,NA,NA
20190626,NA,NA
20190627,NA,NA
20190628,NA,NA
20190629,NA,NA
20190630,NA,NA
20190701,NA,NA
20190702,NA,NA
20190703,NA,NA
20190704,NA,NA
20190705,NA,NA
20190706,NA,NA
20190707,NA,NA
20190708,NA,NA
20190709,NA,NA
20190710,NA,NA
20190711,NA,NA
20190712,NA,NA
20190713,NA,NA
20190714,NA,NA
20190715,NA,NA
20190716,NA,NA
20190717,NA,NA
20190718,NA,NA
20190719,NA,NA
20190720,NA,NA
20190721,NA,NA
20190722,NA,NA
20190723,NA,NA
20190724,NA,NA
20190725,NA,NA
20190726,NA,NA
20190727,NA,NA
20190728,NA,NA
20190729,NA,NA
20190730,NA,NA
20190731,NA,NA
20190801,NA,NA
20190802,NA,NA
20190803,NA,NA
20190804,NA,NA
20190805,NA,NA
20190806,NA,NA
20190807,NA,NA
20190808,NA,NA
20190809,NA,NA
20190810,NA,NA
20190811,NA,NA
20190812,NA,NA
20190813,NA,NA
20190814,NA,NA
20190815,NA,NA
20190816,NA,NA
20190817,NA,NA
20190818,NA,NA
20190819,NA,NA
20190820,NA,NA
20190821,NA,NA
20190822,NA,NA
20190823,NA,NA
20190824,NA,NA
20190825,NA,NA
20190826,NA,NA
20190827,NA,NA
20190828,NA,NA
20190829,NA,NA
20190830,NA,NA
20190831,NA,NA
20190901,NA,NA
20190902,NA,NA
20190903,NA,NA
20190904,NA,NA
20190905,NA,NA
20190906,NA,NA
20190907,NA,NA
20190908,NA,NA
20190909,NA,NA
20190910,NA,NA
20190911,NA,NA
20190912,NA,NA
20190913,NA,NA
20190914,NA,NA
20190915,NA,NA
20190916,NA,NA
20190917,NA,NA
20190918,NA,NA
20190919,NA,NA
20190920,NA,NA
20190921,NA,NA
20190922,NA,NA
20190923,NA,NA
20190924,NA,NA
20190925,NA,NA
20190926,NA,NA
20190927,NA,NA
20190928,NA,NA
20190929,NA,NA
20190930,NA,NA
20191001,NA,NA
20191002,NA,NA
20191003,NA,NA
20191004,NA,NA
20191005,NA,NA
20191006,NA,NA
20191007,NA,NA
20191008,NA,NA
20191009,NA,NA
20191010,NA,NA
20191011,NA,NA
20191012,NA,NA
20191013,NA,NA
20191014,NA,NA
20191015,NA,NA
20191016,NA,NA
20191017,NA,NA
20191018,NA,NA
20191019,NA,NA
20191020,NA,NA
20191021,NA,NA
20191022,NA,NA
20191023,NA,NA
20191024,NA,NA
20191025,NA,NA
20191026,NA,NA
20191027,NA,NA
20191028,NA,NA
20191029,NA,NA
20191030,NA,NA
20191031,NA,NA
20191101,NA,NA
20191102,NA,NA
20191103,NA,NA
20191104,NA,NA
20191105,NA,NA
20191106,NA,NA
20191107,NA,NA
20191108,NA,NA
20191109,NA,NA
20191110,NA,NA
20191111,NA,NA
20191112,NA,NA
20191113,NA,NA
20191114,NA,NA
20191115,NA,NA
20191116,NA,NA
20191117,NA,NA
20191118,NA,NA
20191119,NA,NA
20191120,NA,NA
20191121,NA,NA
20191122,NA,NA
20191123,NA,NA
20191124,NA,NA
20191125,NA,NA
20191126,NA,NA
20191127,NA,NA
20191128,NA,NA
20191129,NA,NA
20191130,NA,NA
20191201,NA,NA
20191202,NA,NA
20191203,NA,NA
20191204,NA,NA
20191205,NA,NA
20191206,NA,NA
20191207,NA,NA
20191208,NA,NA
20191209,NA,NA
20191210,NA,NA
20191211,NA,NA
20191212,NA,NA
20191213,NA,NA
20191214,NA,NA
20191215,NA,NA
20191216,NA,NA
20191217,NA,NA
20191218,NA,30.903175862069
20191219,-1.23321232222222,17.458859047619
20191220,-0.5219596,21.9166559555556
20191221,NA,NA
20191222,4.59060472727273,29.5120758064516
20191223,1.19952574166667,23.1858227111111
20191224,1.17347356521739,22.0698359767442
20191225,NA,NA
20191226,NA,NA
20191227,NA,NA
20191228,0.881579682926829,NA
20191229,0.953494850263158,NA
20191230,-0.0680648157894737,30.5332255263158
20191231,-0.616888648648649,23.0955222222222
20200101,NA,22.1089017857143
20200102,NA,NA
20200103,NA,NA
20200104,NA,NA
20200105,NA,NA
20200106,NA,NA
20200107,NA,NA
20200108,NA,NA
20200109,NA,NA
20200110,NA,NA
20200111,NA,NA
20200112,0.336407888888889,NA
20200113,0.874955069767442,NA
20200114,1.22384138297872,NA
20200115,-0.911331146341463,NA
20200116,0.767815708333333,NA
20200117,0.361121586956522,NA
20200118,0.297902958333333,NA
20200119,-0.135849065217391,NA
20200120,-1.38610542553191,35.0630764864865
20200121,-1.37704647916667,NA
20200122,-0.918460166666667,NA
20200123,0.184657942105263,NA
20200124,-0.802632085106383,NA
20200125,-1.52013972608696,NA
20200126,NA,NA
20200127,0.422105267391304,NA
20200128,-1.33073952173913,NA
20200129,-3.93453283783784,NA
20200130,NA,NA
20200131,NA,11.140765
20200201,-1.29165254347826,16.757
20200202,-0.62176870212766,10.9140982857143
20200203,-0.82988589375,NA
20200204,-0.287642875,NA
20200205,-1.11252923863636,NA
20200206,NA,NA
20200207,-0.758185674418605,24.8948355581395
20200208,-0.834520186046512,NA
20200209,-1.38528241463415,NA
20200210,-0.887543418604651,NA
20200211,0.386673853658537,NA
20200212,-9.12045152777778,NA
20200213,-3.12385092857143,NA
20200214,-2.12388641666667,NA
20200215,-1.3928534375,NA
20200216,NA,NA
20200217,-0.597542829545455,NA
20200218,-0.0912234523809524,NA
20200219,0.325084609756097,NA
20200220,NA,NA
20200221,-3.138964925,NA
20200222,-2.44539977708333,NA
20200223,-2.89762302222222,NA
20200224,-1.59205531282051,NA
20200225,3.04842882093023,NA
20200226,-2.32441087234043,NA
20200227,-2.8878369673913,NA
20200228,-2.18327061702128,NA
20200229,-2.1464485325,NA
20200301,-2.7212100212766,NA
20200302,-1.701389,NA
20200303,-2.16563995744681,NA
20200304,-1.14849558333333,NA
20200305,-1.07079319444444,NA
20200306,-2.823993375,6.70816739130435
20200307,-2.35825346808511,14.4685136136364
20200308,-3.27077934782609,13.1171616315789
20200309,-3.18810276086957,6.22691587878788
20200310,-1.4739141804878,14.3787236
20200311,-1.37733317391304,NA
20200312,-2.00756765416667,15.1540204583333
20200313,-2.36722619148936,9.11274296296296
20200314,-2.04782160465116,NA
20200315,-1.68053684090909,13.6099143
20200316,-1.87906082222222,18.2273871944444
20200317,-1.76568410416667,17.3676650810811
20200318,-2.223846875,NA
20200319,-2.81489835416667,NA
20200320,-2.0072806875,NA
20200321,NA,NA
20200322,-1.91154459574468,NA
20200323,-1.90260003125,NA
20200324,-2.94027514583333,NA
20200325,-2.80201446808511,NA
20200326,-2.20034736170213,NA
20200327,-3.07568979166667,NA
20200328,-2.62064497916667,NA
20200329,-2.11147185106383,NA
20200330,-2.86017804347826,NA
20200331,-2.42097021276596,NA
20200401,-3.02398784468085,NA
20200402,-3.88076954347826,NA
20200403,NA,NA
20200404,NA,NA
20200405,-2.02893268292683,NA
20200406,-4.49624693181818,NA
20200407,-3.3609499375,NA
20200408,-1.77506172916667,NA
20200409,-2.95175197916667,NA
20200410,-2.26743604166667,6.82483178571429
20200411,-2.76457510416667,NA
20200412,0.428815857142857,NA
20200413,-3.12687239130435,NA
20200414,-2.98103868888889,NA
20200415,-4.10439027708333,NA
20200416,-3.16678357446809,NA
20200417,-4.31940244444444,NA
20200418,NA,NA
20200419,-0.836273073170732,NA
20200420,-3.80715217391304,NA
20200421,-3.80483927659574,NA
20200422,-4.01725945833333,NA
20200423,-0.191891958139535,NA
20200424,-2.33181834042553,NA
20200425,-2.39868812765957,NA
20200426,-4.12671920930233,NA
20200427,-2.95864695652174,NA
20200428,-4.18424309090909,NA
20200429,NA,NA
20200430,-3.68218165957447,NA
20200501,-4.09115182222222,9.25632621428571
20200502,-4.27403386046512,NA
20200503,-3.29375259574468,NA
20200504,-3.189865625,10.924301
20200505,-2.56719121914894,NA
20200506,-2.81732165957447,NA
20200507,-2.84868014583333,NA
20200508,-4.28466963414634,NA
20200509,-0.955908416666667,NA
20200510,-4.4162813,NA
20200511,-2.65231395555556,NA
20200512,-3.91854633333333,NA
20200513,-3.57448658695652,NA
20200514,-3.38056785208333,NA
20200515,-9.44177861904762,NA
20200516,-3.22332876170213,NA
20200517,-2.30661342553192,NA
20200518,-2.19279786956522,NA
20200519,-2.33532813043478,NA
20200520,-1.92457264791667,NA
20200521,-2.57801285106383,NA
20200522,-2.29832433333333,NA
20200523,-2.400353125,NA
20200524,-2.18596811363636,NA
20200525,0.282115170212766,NA
20200526,NA,NA
20200527,NA,NA
20200528,NA,NA
20200529,NA,NA
20200530,NA,NA
20200531,NA,NA
20200601,NA,NA
20200602,NA,NA
20200603,NA,NA
20200604,NA,NA
20200605,NA,NA
20200606,NA,NA
20200607,NA,NA
20200608,NA,NA
20200609,NA,NA
20200610,NA,NA
20200611,NA,NA
20200612,NA,NA
20200613,NA,NA
20200614,NA,NA
20200615,NA,NA
20200616,NA,NA
20200617,NA,NA
20200618,NA,NA
20200619,NA,NA
20200620,NA,NA
20200621,NA,NA
20200622,NA,NA
20200623,NA,NA
20200624,NA,NA
20200625,NA,NA
20200626,NA,NA
20200627,NA,NA
20200628,NA,NA
20200629,NA,NA
20200630,NA,NA
20200701,NA,NA
20200702,NA,NA
20200703,NA,NA
20200704,NA,NA
20200705,NA,NA
20200706,NA,NA
20200707,NA,NA
20200708,NA,NA
20200709,NA,NA
20200710,NA,NA
20200711,NA,NA
20200712,-0.9079003375,NA
20200713,-0.304990909090909,NA
20200714,-1.95811395833333,NA
20200715,1.78834714285714,NA
20200716,0.0731084285714285,NA
20200717,-1.97309708510638,NA
20200718,-0.655922553191489,NA
20200719,2.45189445454545,NA
20200720,-2.4425814893617,NA
20200721,-3.11882645833333,NA
20200722,-1.76675436170213,NA
20200723,NA,NA
20200724,NA,NA
20200725,NA,NA
20200726,NA,NA
20200727,NA,NA
20200728,-5.38759236842105,NA
20200729,-2.47749441666667,NA
20200730,-3.07671736170213,NA
20200731,-3.26562639583333,NA
20200801,-3.66456397916667,NA
20200802,-4.30986795454545,NA
20200803,-4.91126116521739,NA
20200804,-3.76621936170213,NA
20200805,-4.06063443181818,NA
20200806,-2.38309460545455,NA
20200807,NA,NA
20200808,NA,NA
20200809,NA,NA
20200810,NA,NA
20200811,NA,NA
20200812,NA,NA
20200813,NA,NA
20200814,NA,NA
20200815,NA,NA
20200816,NA,NA
20200817,NA,NA
20200818,NA,NA
20200819,NA,NA
20200820,NA,NA
20200821,NA,NA
20200822,NA,NA
20200823,NA,NA
20200824,NA,NA
20200825,NA,NA
20200826,NA,NA
20200827,NA,NA
20200828,NA,NA
20200829,NA,NA
20200830,NA,NA
20200831,NA,NA
20200901,NA,NA
20200902,NA,NA
20200903,NA,NA
20200904,NA,NA
20200905,NA,NA
20200906,NA,NA
20200907,NA,NA
20200908,NA,NA
20200909,NA,NA
20200910,NA,NA
20200911,NA,NA
20200912,NA,NA
20200913,NA,NA
20200914,NA,NA
20200915,NA,NA
20200916,NA,NA
20200917,NA,NA
20200918,NA,NA
20200919,NA,NA
20200920,NA,NA
20200921,NA,NA
20200922,NA,NA
20200923,NA,NA
20200924,NA,NA
20200925,NA,NA
20200926,NA,NA
20200927,NA,NA
20200928,NA,NA
20200929,NA,NA
20200930,NA,NA
20201001,NA,NA
20201002,NA,NA
20201003,NA,NA
20201004,NA,NA
20201005,NA,NA
20201006,NA,NA
20201007,NA,NA
20201008,NA,NA
20201009,NA,NA
20201010,NA,NA
20201011,NA,NA
20201012,NA,NA
20201013,NA,NA
20201014,NA,NA
20201015,NA,NA
20201016,NA,NA
20201017,NA,NA
20201018,NA,NA
20201019,NA,NA
20201020,NA,NA
20201021,NA,NA
20201022,NA,NA
20201023,NA,NA
20201024,NA,NA
20201025,NA,NA
20201026,NA,NA
20201027,NA,NA
20201028,NA,NA
20201029,NA,NA
20201030,NA,NA
20201031,NA,NA
20201101,NA,NA
20201102,NA,NA
20201103,NA,NA
20201104,NA,NA
20201105,NA,NA
20201106,NA,NA
20201107,NA,NA
20201108,NA,NA
20201109,NA,NA
20201110,NA,NA
20201111,NA,NA
20201112,NA,NA
20201113,NA,NA
20201114,NA,NA
20201115,NA,NA
20201116,NA,NA
20201117,NA,NA
20201118,NA,NA
20201119,NA,NA
20201120,NA,NA
20201121,NA,NA
20201122,NA,NA
20201123,NA,NA
20201124,NA,NA
20201125,NA,NA
20201126,NA,NA
20201127,NA,NA
20201128,NA,NA
20201129,NA,NA
20201130,NA,NA
20201201,NA,NA
20201202,NA,NA
20201203,NA,NA
20201204,NA,NA
20201205,NA,NA
20201206,NA,NA
20201207,NA,NA
20201208,NA,NA
20201209,NA,NA
20201210,NA,NA
20201211,NA,NA
20201212,NA,NA
20201213,NA,NA
20201214,NA,NA
20201215,NA,NA
20201216,NA,NA
20201217,NA,NA
20201218,NA,NA
20201219,NA,NA
20201220,NA,NA
20201221,NA,NA
20201222,NA,NA
20201223,NA,NA
20201224,NA,NA
20201225,NA,NA
20201226,NA,NA
20201227,NA,NA
20201228,NA,NA
20201229,NA,NA
20201230,NA,NA
20201231,NA,NA
20210101,NA,NA
20210102,NA,NA
20210103,NA,NA
20210104,NA,NA
20210105,NA,NA
20210106,NA,NA
20210107,NA,NA
20210108,NA,NA
20210109,NA,NA
20210110,NA,NA
20210111,NA,NA
20210112,NA,NA
20210113,NA,NA
20210114,NA,NA
20210115,NA,NA
20210116,NA,NA
20210117,NA,NA
20210118,NA,NA
20210119,NA,NA
20210120,NA,NA
20210121,NA,NA
20210122,NA,NA
20210123,NA,NA
20210124,NA,NA
20210125,NA,NA
20210126,NA,NA
20210127,NA,NA
20210128,NA,NA
20210129,NA,NA
20210130,NA,NA
20210131,NA,NA
20210201,NA,NA
20210202,NA,NA
20210203,NA,NA
20210204,NA,NA
20210205,NA,NA
20210206,NA,NA
20210207,NA,NA
20210208,NA,NA
20210209,NA,NA
20210210,NA,NA
20210211,NA,NA
20210212,NA,NA
20210213,NA,NA
20210214,NA,NA
20210215,NA,NA
20210216,NA,NA
20210217,NA,NA
20210218,NA,NA
20210219,NA,NA
20210220,NA,NA
20210221,NA,NA
20210222,NA,NA
20210223,NA,NA
20210224,NA,NA
20210225,NA,NA
20210226,NA,NA
20210227,NA,NA
20210228,NA,NA
20210301,NA,NA
20210302,NA,NA
20210303,NA,NA
20210304,NA,NA
20210305,NA,NA
20210306,NA,NA
20210307,NA,NA
20210308,NA,NA
20210309,NA,NA
20210310,NA,NA
20210311,NA,NA
20210312,NA,NA
20210313,NA,NA
20210314,NA,NA
20210315,NA,NA
20210316,NA,NA
20210317,NA,NA
20210318,NA,NA
20210319,NA,NA
20210320,NA,NA
20210321,NA,NA
20210322,NA,NA
20210323,NA,NA
20210324,NA,NA
20210325,NA,NA
20210326,NA,NA
20210327,NA,NA
20210328,NA,NA
20210329,NA,NA
20210330,NA,NA
20210331,NA,NA
20210401,NA,NA
20210402,NA,NA
20210403,NA,NA
20210404,NA,NA
20210405,NA,NA
20210406,NA,NA
20210407,NA,NA
20210408,NA,NA
20210409,NA,NA
20210410,NA,NA
20210411,NA,NA
20210412,NA,NA
20210413,NA,NA
20210414,NA,NA
20210415,NA,NA
20210416,NA,NA
20210417,NA,NA
20210418,NA,NA
20210419,NA,NA
20210420,NA,NA
20210421,NA,NA
20210422,NA,NA
20210423,NA,NA
20210424,NA,NA
20210425,NA,NA
20210426,NA,NA
20210427,NA,NA
20210428,NA,NA
20210429,NA,NA
20210430,NA,NA
20210501,NA,NA
20210502,NA,NA
20210503,NA,NA
20210504,NA,NA
20210505,NA,NA
20210506,NA,NA
20210507,NA,NA
20210508,NA,NA
20210509,NA,NA
20210510,NA,NA
20210511,NA,NA
20210512,NA,NA
20210513,NA,NA
20210514,NA,NA
20210515,NA,NA
20210516,NA,NA
20210517,NA,NA
20210518,NA,NA
20210519,NA,NA
20210520,NA,NA
20210521,NA,NA
20210522,NA,NA
20210523,NA,NA
20210524,NA,NA
20210525,NA,NA
20210526,NA,NA
20210527,NA,NA
20210528,NA,NA
20210529,NA,NA
20210530,NA,NA
20210531,NA,NA
20210601,NA,NA
20210602,NA,NA
20210603,NA,NA
20210604,NA,NA
20210605,NA,NA
20210606,NA,NA
20210607,-4.19087775,NA
20210608,-3.88952138297872,94.1715535714286
20210609,-4.213717,60.5516038461538
20210610,-3.4471387125,NA
20210611,-3.49881856875,NA
20210612,-3.54146872916667,NA
20210613,-3.49583195121951,NA
20210614,-3.31230375,NA
20210615,-3.58873227659574,NA
20210616,-0.58197011627907,NA
20210617,-2.45888043478261,70.70394
20210618,NA,NA
20210619,-3.27640840909091,NA
20210620,NA,NA
20210621,0.946297547619048,NA
20210622,-1.4691545,NA
20210623,-2.33826091304348,140.723792
20210624,-2.41059829166667,96.166
20210625,-2.50329904761905,83.14004
20210626,-1.59701385106383,66.4631119047619
20210627,NA,64.0410670588235
20210628,-3.3770876744186,65.1052714285714
20210629,-1.83200071111111,84.5292536585366
20210630,-2.665377625,94.693135
20210701,NA,88.0675342105263
20210702,-2.80719413043478,139.942097619048
20210703,1.47828895121951,138.384310810811
20210704,-3.09567859574468,104.41879047619
20210705,1.90592619047619,115.0472
20210706,-3.52759441860465,102.688343902439
20210707,-2.32403808888889,100.190263888889
20210708,-2.20847489361702,92.2767956521739
20210709,-0.548218489361702,111.047052272727
20210710,-2.61713729166667,133.232777777778
20210711,-3.10233739130435,81.5700671428571
20210712,-3.03585369565217,107.755094871795
20210713,-4.16967476190476,104.231833333333
20210714,-2.19338167045455,137.950244117647
20210715,-2.61637627906977,113.553003225806
20210716,0.930498292682927,112.501917241379
20210717,-4.36387847826087,140.645446511628
20210718,-2.31537193488372,184.004797368421
20210719,-2.12085863636364,145.773564864865
20210720,-2.93542238095238,NA
20210721,-3.48785924,112.094338636364
20210722,-3.3436,127.659935555556
20210723,NA,146.833388
20210724,NA,NA
20210725,NA,NA
20210726,NA,NA
20210727,-4.0395097826087,143.786118604651
20210728,-2.22286859574468,166.062578571429
20210729,-3.57838968085106,163.837426956522
20210730,-3.84205877272727,209.706754761905
20210731,-3.00984496382979,173.801613333333
20210801,-3.11875915555556,153.445134782609
20210802,-2.43153153333333,158.088844186047
20210803,NA,126.322058064516
20210804,-3.21023590909091,112.460454761905
20210805,-4.68784742553192,92.9699302272727
20210806,NA,86.8678577419355
20210807,-3.49693539583333,98.4802717391304
20210808,-2.54532968085106,119.00070212766
20210809,-3.75257856521739,134.857110869565
20210810,-1.83636711111111,124.356964285714
20210811,-0.878608563043478,113.626773684211
20210812,-0.139806970243903,115.016603125
20210813,NA,101.219403333333
20210814,-1.77328186956522,NA
20210815,-2.46381966666667,NA
20210816,-4.05593873913043,NA
20210817,-3.979219375,NA
20210818,-3.044920625,NA
20210819,-3.26120720833333,NA
20210820,-3.51508104166667,NA
20210821,-3.74600320833333,NA
20210822,-3.32367979166667,NA
20210823,-3.54470434782609,NA
20210824,-3.33828831707317,NA
20210825,-3.09424051282051,NA
20210826,-3.39776229545455,NA
20210827,NA,NA
20210828,NA,NA
20210829,NA,NA
20210830,NA,NA
20210831,NA,NA
20210901,NA,NA
20210902,NA,NA
20210903,NA,NA
20210904,NA,NA
20210905,NA,NA
20210906,NA,NA
20210907,NA,NA
20210908,NA,NA
20210909,NA,NA
20210910,NA,NA
20210911,NA,NA
20210912,NA,NA
20210913,NA,NA
20210914,NA,NA
20210915,NA,NA
20210916,NA,NA
20210917,NA,NA
20210918,NA,NA
20210919,NA,NA
20210920,NA,NA
20210921,NA,NA
20210922,NA,NA
20210923,NA,NA
20210924,NA,NA
20210925,NA,NA
20210926,NA,NA
20210927,NA,NA
20210928,NA,NA
20210929,NA,NA
20210930,NA,NA
20211001,NA,NA
20211002,NA,NA
20211003,NA,NA
20211004,NA,NA
20211005,NA,NA
20211006,NA,NA
20211007,NA,NA
20211008,NA,NA
20211009,NA,NA
20211010,NA,NA
20211011,NA,NA
20211012,NA,NA
20211013,NA,NA
20211014,NA,NA
20211015,NA,NA
20211016,NA,NA
20211017,NA,NA
20211018,NA,NA
20211019,NA,NA
20211020,NA,NA
20211021,NA,NA
20211022,NA,NA
20211023,NA,NA
20211024,NA,NA
20211025,NA,NA
20211026,NA,NA
20211027,NA,NA
20211028,NA,NA
20211029,-1.00861633333333,201.926229166667
20211030,-2.63355112888889,132.536115777778
20211031,-2.39473618604651,37.6104021052632
20211101,-1.74963123,37.2263413235294
20211102,NA,NA
20211103,-1.01596341666667,NA
20211104,-1.65522972765957,NA
20211105,-0.621503340425532,NA
20211106,-1.85545283333333,NA
20211107,-1.94546851111111,NA
20211108,-1.50141982,NA
20211109,-1.73660073611111,NA
20211110,-1.0459236,NA
20211111,-1.51835311363636,NA
20211112,-0.971175639583333,NA
20211113,-1.12836495833333,NA
20211114,-1.85122693478261,NA
20211115,-1.71320404545455,NA
20211116,-1.10197241860465,NA
20211117,-0.509549717391304,NA
20211118,0.53298780952381,NA
20211119,-1.09807789583333,NA
20211120,-0.999174391304348,NA
20211121,-0.778540777777778,NA
20211122,1.43680676590909,NA
20211123,-0.612827833333333,NA
20211124,-0.750489936170213,NA
20211125,-0.459978122222222,NA
20211126,-0.763853510638298,NA
20211127,-0.698136173913044,NA
20211128,NA,NA
20211129,-1.40881416761905,NA
20211130,-1.30834486097561,NA
20211201,-1.03290918181818,NA
20211202,-0.606515368421053,NA
20211203,NA,37.3364440512821
20211204,1.05004637209302,31.6064088235294
20211205,0.171536520833333,39.8623632608696
20211206,0.893680886363636,44.401623902439
20211207,0.555398361702128,38.5203090909091
20211208,NA,34.5341068571429
20211209,1.21755086956522,55.5226066666667
20211210,1.21731742042553,36.6648895833333
20211211,1.14933610869565,27.1628857142857
20211212,-0.232650877777778,31.6739222222222
20211213,0.123118829787234,22.7333885714286
20211214,0.801876108695652,28.3684488095238
20211215,0.738871355555556,32.0126627906977
20211216,0.488935319148936,28.3083973333333
20211217,-0.635002638297872,NA
20211218,3.05187187179487,NA
20211219,1.68417802391304,26.1165728571429
20211220,NA,NA
20211221,1.27203254042553,29.9399026190476
20211222,-0.950502077272727,20.5139308695652
20211223,-1.11057736585366,25.883098974359
20211224,0.192671,NA
20211225,0.642426739130435,NA
20211226,0.668521437209302,NA
20211227,2.02303501914894,NA
20211228,0.764808246511628,NA
20211229,1.01800110638298,NA
20211230,1.46369283333333,NA
20211231,1.52370279791667,NA
20220101,0.965020255319149,NA
20220102,-0.325600965909091,NA
20220103,-0.883253636744186,NA
20220104,-0.382340159090909,NA
20220105,0.447027341666667,NA
20220106,-0.142999977777778,NA
20220107,-0.533608052916667,NA
20220108,0.343748936170213,NA
20220109,0.913909954545455,NA
20220110,0.141198825531915,NA
20220111,-1.02651869565217,NA
20220112,-0.994728936363636,NA
20220113,-0.467627750652174,NA
20220114,-0.448510391304348,NA
20220115,NA,NA
20220116,-0.710708,NA
20220117,-1.20058803255814,NA
20220118,-0.448183268292683,NA
20220119,-0.144592957446809,NA
20220120,NA,NA
20220121,NA,NA
20220122,-1.42628504444444,NA
20220123,-1.46575515853659,NA
20220124,0.031958117948718,NA
20220125,NA,NA
20220126,-1.24399856956522,NA
20220127,-1.45687767142857,NA
20220128,-0.1217196875,NA
20220129,-1.18969991276596,NA
20220130,-1.23224052553191,NA
20220131,NA,NA
20220201,-0.899327445454545,NA
20220202,NA,NA
20220203,1.35462443783784,NA
20220204,NA,NA
20220205,NA,NA
20220206,-1.37280351363636,NA
20220207,1.63577612142857,NA
20220208,-1.24961801463415,NA
20220209,-0.941824747916667,13.8063237209302
20220210,NA,-2.3566636
20220211,NA,NA
20220212,NA,NA
20220213,NA,NA
20220214,NA,NA
20220215,NA,NA
20220216,NA,NA
20220217,NA,NA
20220218,NA,NA
20220219,NA,NA
20220220,NA,NA
20220221,NA,NA
20220222,NA,NA
20220223,NA,NA
20220224,NA,NA
20220225,NA,NA
20220226,NA,NA
20220227,NA,NA
20220228,NA,NA
20220301,NA,NA
20220302,NA,NA
20220303,NA,NA
20220304,NA,NA
20220305,NA,NA
20220306,NA,NA
20220307,NA,NA
20220308,NA,NA
20220309,NA,NA
20220310,NA,NA
20220311,NA,NA
20220312,NA,NA
20220313,NA,NA
20220314,NA,NA
20220315,-0.290315621621622,13.2281853846154
20220316,-1.35568722916667,15.6836146341463
20220317,-2.08080012195122,14.6392352380952
20220318,-1.36830773913043,10.2772668292683
20220319,-2.36350714583333,8.44448690625
20220320,-1.47012864583333,13.0457372340426
20220321,-1.68235316666667,10.2866505142857
20220322,-0.944134072727273,5.57701124242424
20220323,-1.54118342553191,8.73869577777778
20220324,-1.27534229787234,11.1390839583333
20220325,-1.71305441978723,11.9685314
20220326,-1.5800691,9.06053209302326
20220327,-1.69504721304348,NA
20220328,-1.4299060625,NA
20220329,-1.845629125,NA
20220330,-1.9578349675,NA
20220331,-1.2502472826087,2.61608954545455
20220401,-1.43136633333333,10.2095757692308
20220402,0.574367545454546,NA
20220403,-1.64427611111111,NA
20220404,-1.58128589130435,NA
20220405,-0.30890285106383,NA
20220406,-0.465752044444444,NA
20220407,-1.4980170212766,NA
20220408,-2.25222136808511,NA
20220409,-2.01133195744681,NA
20220410,-2.33501052173913,NA
20220411,NA,NA
20220412,-0.826818720930233,NA
20220413,-2.62370963958333,NA
20220414,NA,NA
20220415,NA,NA
20220416,NA,NA
20220417,NA,NA
20220418,NA,NA
20220419,NA,NA
20220420,NA,NA
20220421,-1.69775286666667,NA
20220422,-2.00844110416667,NA
20220423,-1.96688014583333,NA
20220424,-0.320059953488372,NA
20220425,-2.29090348888889,NA
20220426,-1.82162323829787,NA
20220427,-2.51703912340426,NA
20220428,-2.23146009090909,NA
20220429,-2.47368163829787,NA
20220430,-2.186132875,NA
20220501,0.471527227272727,NA
20220502,-1.67610321276596,NA
20220503,NA,NA
20220504,NA,27.5172040555556
20220505,-1.47094685106383,23.1254717021277
20220506,-1.76904997948718,18.2098040625
20220507,-1.2667654375,29.1386595243902
20220508,-2.21685870454545,22.3506685714286
20220509,-2.12600976145833,NA
20220510,-1.91773434042553,NA
20220511,-2.1106438,NA
20220512,-2.33778052083333,NA
20220513,-1.35182482926829,NA
20220514,-3.03353923913043,NA
20220515,-1.86931136170213,NA
20220516,-2.26663988888889,NA
20220517,-2.27048002083333,NA
20220518,NA,NA
20220519,NA,NA
20220520,NA,NA
20220521,NA,NA
20220522,NA,NA
20220523,NA,NA
20220524,NA,NA
20220525,NA,NA
20220526,NA,NA
20220527,NA,NA
20220528,NA,NA
20220529,NA,NA
20220530,NA,NA
20220531,NA,NA
20220601,NA,NA
20220602,NA,NA
20220603,NA,NA
20220604,NA,NA
20220605,NA,NA
20220606,NA,NA
20220607,-2.48997165957447,NA
20220608,NA,NA
20220609,NA,NA
20220610,NA,59.389627027027
20220611,-1.90745579069767,77.8737277777778
20220612,-3.22969891304348,69.8804371428571
20220613,-2.19676925531915,NA
20220614,-2.45597010638298,NA
20220615,-3.48319095833333,NA
20220616,-1.46868184782609,NA
20220617,-2.012570375,NA
20220618,-2.16823995998542,NA
20220619,-1.52225465957447,NA
20220620,-0.317892608695652,NA
20220621,1.70703309523809,NA
20220622,-2.02625876595745,NA
20220623,-0.748541255319149,NA
20220624,-1.47334035531915,99.3505888888889
20220625,-2.77265802325581,99.8313371428571
20220626,-0.330632547619048,42.202675
20220627,-1.26714837209302,52.3530646341463
20220628,-1.9100729787234,53.2136847826087
20220629,-1.29934318181818,51.8225595
20220630,NA,60.5599384615385
20220701,-1.04812710638298,71.8087794871795
20220702,-2.98132227272727,89.1625023255814
20220703,NA,NA
20220704,NA,NA
20220705,NA,NA
20220706,NA,NA
20220707,NA,NA
20220708,NA,NA
20220709,NA,NA
20220710,NA,NA
20220711,NA,NA
20220712,NA,NA
20220713,NA,NA
20220714,NA,NA
20220715,NA,65.7053864411765
20220716,-5.92340505128205,55.9233965625
20220717,-2.74383342340426,95.8821063829787
20220718,-4.23228655555556,108.048685853659
20220719,-2.87794152083333,134.625095833333
20220720,-1.482486,82.603640625
20220721,-3.15542527083333,150.03144375
20220722,-3.17483041304348,NA
20220723,-3.23279876595745,NA
20220724,-3.96581186046512,NA
20220725,-2.77547524444444,NA
20220726,-5.00720076590909,NA
20220727,-3.55144337209302,NA
20220728,-0.465709,108.900536111111
20220729,-2.28381827659574,NA
20220730,-4.20154045454545,NA
20220731,-3.21835195454545,NA
20220801,1.26536720930233,NA
20220802,NA,104.559762068966
20220803,-4.83749317073171,NA
20220804,NA,NA
20220805,-4.87310086956522,NA
20220806,-3.35522856818182,NA
20220807,-1.73465765957447,NA
20220808,-2.09293037777778,NA
20220809,-1.46796127272727,NA
20220810,-0.962245619047619,NA
20220811,-2.71436786842105,NA
20220812,-2.41883977272727,NA
20220813,-4.80678734782609,NA
20220814,-4.7838388,NA
20220815,-3.67898472340426,NA
20220816,-3.39634468085106,NA
20220817,-3.56891382978723,NA
20220818,-3.13732597560976,NA
20220819,-2.36205489361702,NA
20220820,0.015711534883721,NA
20220821,-3.44341713636364,NA
20220822,-3.7060980952381,NA
20220823,-1.64662553333333,NA
20220824,NA,NA
20220825,NA,83.1725805555556
20220826,-0.611476052631579,78.9292428571429
20220827,-3.82474432608696,141.998658974359
20220828,-5.54600808695652,148.851247619048
20220829,-2.89090355555556,129.338948780488
20220830,-3.48651906521739,172.213204255319
20220831,-4.09086265116279,183.925300434783
20220901,-2.84185563043478,226.683354545455
20220902,-4.44730090909091,184.651738297872
20220903,-4.44422322727273,219.268313333333
20220904,-3.68350739130435,194.246110869565
20220905,-5.61726028571429,167.103918461538
20220906,-2.25748895238095,128.142169230769
20220907,-1.81018133333333,178.975246511628
20220908,-2.52467042553192,112.407180952381
20220909,-2.57783002272727,101.75255375
20220910,-5.20757604444444,76.7318402380952
20220911,-4.79723021276596,139.295519047619
20220912,-4.03862142857143,168.941455813953
20220913,-2.76722479166667,167.000985416667
20220914,-3.10455411111111,124.439013333333
20220915,-2.85734685416667,109.287784782609
20220916,-2.45163608510638,137.091247826087
20220917,-1.54219862222222,83.7365121951219
20220918,-1.88742797916667,154.56143125
20220919,-4.33282937,187.985914102564
20220920,-4.81941970731707,109.595364166667
20220921,-2.37250206818182,179.978435
20220922,-3.73748075,194.743888372093
20220923,-2.07698085106383,151.308271111111
20220924,-3.213494,136.613928947368
20220925,-2.86608510638298,107.675854761905
20220926,-1.54254108695652,170.242831818182
20220927,-1.68849479166667,118.568355319149
20220928,-2.51617638297872,55.9853617391304
20220929,-2.67758520833333,39.6832368085106
20220930,-3.08923006666667,63.3527925
20221001,-2.38121632608696,41.1363682608696
20221002,-2.07272468085106,44.9842297826087
20221003,-2.33631788888889,41.9934065116279
20221004,-1.19512021276596,36.7420489361702
20221005,-2.74789707317073,26.272269047619
20221006,-2.90282665957447,33.3610293181818
20221007,-3.13354895555556,38.1290235294118
20221008,-1.9181349047619,NA
20221009,-1.6103335625,NA
20221010,-1.56788260869565,NA
20221011,-1.56912106382979,NA
20221012,-2.5747734,NA
20221013,-2.62673702564103,NA
20221014,-0.964020347826087,NA
20221015,-1.36519285106383,NA
20221016,-1.83220065217391,NA
20221017,-0.673905023255814,NA
20221018,-1.79378193617021,NA
20221019,-2.38197162790698,NA
20221020,-2.70710352272727,NA
20221021,-2.81271431136364,NA
20221022,-2.09237875555556,NA
20221023,-1.66381941304348,NA
20221024,-2.24188184090909,NA
20221025,-1.37232322222222,NA
20221026,-1.74843558666667,NA
20221027,-0.839526130434783,29.4086389130435
20221028,0.0800365869565218,24.7319454761905
20221029,NA,29.420465
20221030,-2.00843844680851,31.549191025641
20221031,-2.83902069047619,26.7883513157895
20221101,-0.882713048780488,25.5569325
20221102,-1.49006862790698,23.087303902439
20221103,-0.560076291666667,27.37856
20221104,-1.41379982978723,48.2600422222222
20221105,NA,NA
20221106,-1.62740516666667,35.2385248387097
20221107,-0.75558669047619,NA
20221108,-0.374724787234043,NA
20221109,-0.825591340425532,NA
20221110,-1.72344044680851,NA
20221111,-1.1877942826087,NA
20221112,1.22099864444444,NA
20221113,-2.15893593478261,NA
20221114,-2.01121395652174,NA
20221115,-0.153936891891892,NA
20221116,-1.50285691666667,NA
20221117,-0.451770041666667,NA
20221118,-0.889484739130435,NA
20221119,NA,NA
20221120,-0.910242652173913,NA
20221121,-1.65417095555556,NA
20221122,0.406678868085106,NA
20221123,-1.21498097826087,NA
20221124,-0.132311066666667,NA
20221125,NA,NA
20221126,NA,NA
20221127,-0.528191319148936,NA
20221128,-1.15821808510638,NA
20221129,-0.983763369565217,NA
20221130,-0.482625568181818,NA
20221201,-0.898534326086956,NA
20221202,-1.20172439130435,NA
20221203,-0.218203023255814,NA
20221204,0.6116895,NA
20221205,-0.259298869565217,NA
20221206,-0.442828770833333,NA
20221207,-0.63976288372093,NA
20221208,0.444009666666667,NA
20221209,-0.00593311111111107,32.27320625
20221210,-1.08718055555556,22.461005
20221211,NA,16.20114
20221212,0.00424249999999998,26.265058372093
20221213,-0.765104779166667,20.0443302380952
20221214,-0.924746813953488,15.7002397142857
20221215,-0.804614161363636,24.2528166666667
20221216,-1.22499311627907,19.1986923263158
20221217,-0.00435938636363634,22.4544391111111
20221218,-1.39180929787234,19.668
20221219,NA,NA
20221220,NA,NA
20221221,NA,NA
20221222,NA,NA
20221223,NA,NA
20221224,NA,NA
20221225,NA,NA
20221226,NA,NA
20221227,NA,NA
20221228,NA,NA
20221229,NA,NA
20221230,NA,NA
20221231,NA,NA
20230101,-2.09876948648649,NA
20230102,0.354357234042553,NA
20230103,0.499157043478261,NA
20230104,0.536559045454545,NA
20230105,-0.394740581395349,NA
20230106,-1.14289706521739,NA
20230107,-0.707051909090909,NA
20230108,1.61445742,NA
20230109,-0.964900311363636,NA
20230110,-0.763104187804878,NA
20230111,-0.0709596333333333,18.6526076086957
20230112,1.21155688888889,14.2903318444444
20230113,-0.60310710625,23.7397140425532
20230114,-1.55901428888889,17.7581868888889
20230115,-1.60031275609756,11.902695725
20230116,-0.159383893617021,18.4562958333333
20230117,-0.559800762765957,16.3727993181818
20230118,-0.258741574468085,21.89754075
20230119,-0.4643431975,13.374959
20230120,-0.842869627659574,11.2036371428571
20230121,0.0665954809523809,8.34690282352941
20230122,2.04036958333333,27.1777766666667
20230123,-1.89142884782609,16.3698076086957
20230124,0.0455316636363636,9.49042313333333
20230125,-1.14590741860465,18.7116306976744
20230126,-1.76328031914894,16.609377173913
20230127,-1.43344906382979,17.1936748888889
20230128,-1.53281606382979,12.2792686086957
20230129,-0.613924826086957,NA
20230130,-0.0400856808510638,NA
20230131,-0.268667955813953,NA
20230201,NA,NA
20230202,-1.03279263636364,NA
20230203,0.205222209302326,13.9076792083333
20230204,-1.59375966666667,9.56529711538461
20230205,-1.65207035744681,NA
20230206,-2.44619612195122,NA
20230207,-0.609118590909091,NA
20230208,-0.830354340425532,NA
20230209,-3.93676166666667,NA
20230210,NA,NA
20230211,1.14990531818182,NA
20230212,-1.84018673125,NA
20230213,-2.59328041304348,NA
20230214,-2.57877860465116,NA
20230215,-1.25839725,NA
20230216,-1.60985613191489,NA
20230217,-3.54406454054054,NA
20230218,-2.77847458695652,NA
20230219,-2.76534402272727,NA
20230220,-1.72122660869565,NA
20230221,-1.12680876595745,NA
20230222,-1.31064252083333,NA
20230223,-0.906217145833333,NA
20230224,-1.44677641304348,NA
20230225,-1.03292675,NA
20230226,-1.96587614893617,NA
20230227,-1.73396595833333,NA
20230228,-2.06613629166667,NA
20230301,-3.06742331914894,NA
20230302,-3.16543041666667,NA
20230303,-2.98559727659574,NA
20230304,-3.94632128888889,NA
20230305,-3.49386063478261,NA
20230306,-1.89084973541667,NA
20230307,-1.71620464583333,NA
20230308,-3.96130531914894,NA
20230309,-2.92817231914894,NA
20230310,-2.35244564583333,NA
20230311,-3.76870854166667,NA
20230312,-2.76415644444444,NA
20230313,-3.15814465116279,NA
20230314,-6.29264612820513,NA
20230315,-3.82341700208333,NA
20230316,-5.22269140425532,NA
20230317,NA,NA
20230318,-3.15373569574468,NA
20230319,-4.278243,NA
20230320,-4.00412491489362,NA
20230321,-4.93122187234043,NA
20230322,-4.70380047916667,NA
20230323,-4.31206235416667,NA
20230324,-4.45702633333333,NA
20230325,-2.29712391086957,NA
20230326,-4.2180475,NA
20230327,-3.42312625,NA
20230328,NA,NA
20230329,-2.54349774468085,NA
20230330,-6.18009470212766,NA
20230331,-5.92658905,NA
20230401,-3.66539879166667,NA
20230402,-4.63145589130435,NA
20230403,-4.32294922916667,NA
20230404,-5.4780641875,NA
20230405,-5.03943020833333,NA
20230406,-2.73055395348837,NA
20230407,1.312031125,NA
20230408,-4.42483222222222,NA
20230409,-0.980380977272727,NA
20230410,-4.85796790697674,NA
20230411,-0.0995137999999999,7.09377958064516
20230412,1.22198023809524,2.76823739393939
20230413,-4.48874072340425,9.19279085416667
20230414,-5.81913858695652,11.0112136808511
20230415,NA,5.07403803703704
20230416,-9.63454216216216,4.51557251351351
20230417,-6.24700885555556,9.10132321428571
20230418,-5.65371397073171,12.128296
20230419,-5.6245965106383,5.52721671428571
20230420,-4.98222287083333,0.988929130434782
20230421,-2.9669162,-2.2988117027027
20230422,-7.87953141860465,7.55650711463415
20230423,-5.47480087708333,8.81608634146341
20230424,-6.65313642553191,NA
20230425,-5.31294657446808,NA
20230426,-5.51138355555556,NA
20230427,NA,NA
20230428,-5.50600430434783,NA
20230429,-2.21832776190476,NA
20230430,-4.68341426666667,NA
20230501,-4.26494174583333,NA
20230502,-6.35515886363636,NA
20230503,-4.64525073913043,NA
20230504,-5.3123959375,17.0377161304348
20230505,-3.64513134782609,14.3354051590909
20230506,NA,15.0911770588235
20230507,-5.13522416666667,9.09159793181818
20230508,-4.92058860416667,17.2307473617021
20230509,-5.11518270833333,15.0872649782609
20230510,-3.85376810416667,14.8827863125
20230511,-5.643369375,13.3102420653191
20230512,-4.99646958333333,14.7553715
20230513,-5.0765629375,13.9910723404255
20230514,-4.67709582608696,19.3236375555556
20230515,-2.64481477777778,30.4817736756757
20230516,-5.00963853191489,20.1230908372093
20230517,-4.14307579487179,21.7015358333333
20230518,-4.18534173913044,19.4312879545455
20230519,-4.85655152083333,17.0673086666667
20230520,-5.65823976744186,20.84313
20230521,-2.17771860416667,18.6066901363636
20230522,-4.64130645652174,22.9098737209302
20230523,-3.14203830769231,6.63365210526316
20230524,-4.06810979166667,20.8140692682927
20230525,NA,13.3794250238095
20230526,-5.01184129787234,13.7268541304348
20230527,-6.30983386046512,5.59117195121951
20230528,-5.97948311363636,20.5784066666667
20230529,-6.72870282222222,10.1657737209302
20230530,-2.39678771428571,18.8281056210526
20230531,NA,26.1854171794872
20230601,-3.54459231363636,15.2774205263158
20230602,-4.1474823875,19.2388421666667
20230603,-3.3766525,19.6457679487179
20230604,-3.02787546808511,30.1255990930233
20230605,-2.11171976595745,21.0149383181818
20230606,-4.27194376190476,7.59032846153846
20230607,-2.52477881818182,22.6872905230769
20230608,-2.88906757446808,32.2575000555556
20230609,-4.43043266666667,39.556086744186
20230610,-3.89040226666667,31.3666585
20230611,-3.15036783333333,38.3680217391304
20230612,-3.24723063829787,41.8457
20230613,-3.36330734042553,39.0428893617021
20230614,-3.930270625,23.61160595
20230615,-4.13413479166667,34.58450175
20230616,-2.60228082978723,40.0676182978723
20230617,-3.80901229166667,47.3267285106383
20230618,-3.05062631914894,44.1042839130435
20230619,-4.102659375,40.8754493541667
20230620,0.394830460465116,43.7706076
20230621,-4.66952697674419,NA
20230622,-3.73210960465116,NA
20230623,-1.32422913636364,NA
20230624,-2.82743342222222,NA
20230625,-3.29227541666667,NA
20230626,-3.66156060416667,NA
20230627,-2.54961947916667,NA
20230628,-1.55859917021277,NA
20230629,-2.55842660416667,51.8462777272727
20230630,-3.2961869375,38.9896466666667
20230701,-3.1307385,34.4828490909091
20230702,-2.50539460416667,30.5065182978723
20230703,-2.65207146808511,30.3933429787234
20230704,-3.2046931627907,30.00546675
20230705,-0.858476065217391,34.176852625
20230706,-2.88090706976744,45.1716
20230707,-4.77362011904762,45.6686558823529
20230708,-3.71984061904762,25.9447875609756
20230709,NA,37.2055272727273
20230710,-2.6288823255814,50.2850682926829
20230711,-2.28320251162791,47.273096
20230712,-1.603878,41.8081577777778
20230713,-1.03206714893617,39.5482395348837
20230714,-3.19060147916667,55.0637962790698
20230715,-3.334895875,50.8031485
20230716,-1.79048533043478,43.5569511111111
20230717,-3.87372951111111,36.0870755555556
20230718,-3.98034364583333,36.4436249772727
20230719,-3.78612809166667,40.0752593478261
20230720,-2.98051622916667,46.9412138636364
20230721,-2.25172446808511,55.767493902439
20230722,-3.01683002173913,61.8529425
20230723,-0.471118955555556,20.7563951724138
20230724,-2.59476382926829,41.1600924242424
20230725,-2.74915775609756,51.5786967368421
20230726,-3.56669059090909,40.4706588717949
20230727,-1.46541159090909,44.2778892307692
20230728,-3.04959808510638,35.3201045
20230729,-3.29336133333333,43.9691811363636
20230730,-4.7724049875,49.43070525
20230731,-3.135686375,47.1243847826087
20230801,-3.56421995833333,31.1801053333333
20230802,-1.09154604255319,18.5509205714286
20230803,-3.98323093333333,37.9641612195122
20230804,-2.7199068125,35.4656688888889
20230805,-1.92978436170213,47.2787468085106
20230806,-1.6772993125,53.1124
20230807,-1.73456145833333,37.1362145833333
20230808,-2.02540552083333,30.2690554166667
20230809,-1.60377882978723,28.3303542553192
20230810,-2.45214744680851,22.3437523913043
20230811,-2.43893564583333,26.3659336170213
20230812,-1.7209623125,33.7996433191489
20230813,-1.42244833333333,33.9221953191489
20230814,-2.08921660416667,33.6855645238095
20230815,-1.4341352826087,39.11307075
20230816,-2.06456782608696,38.0553951219512
20230817,-2.41187325,21.0177330769231
20230818,-2.68558897777778,28.4206397727273
20230819,-2.11916004166667,45.9863631914894
20230820,-1.56539015555556,49.6660456521739
20230821,-1.11622813333333,27.1178918181818
20230822,-0.887257020833333,16.0921318181818
20230823,-2.21935671111111,28.0861495454545
20230824,-1.69401764444444,28.53782925
20230825,-2.3581880212766,25.2445072888889
20230826,-2.55626369565217,38.9402784090909
20230827,-1.833305375,37.6761915217391
20230828,0.519131642857143,29.4613723529412
20230829,-0.428675,27.1946935135135
20230830,-1.675655625,NA
20230831,-2.31055343478261,NA
20230901,-0.361331227272727,NA
20230902,2.06139053333333,NA
20230903,-0.526499790697674,25.9502494871795
20230904,-1.35401295454545,30.89141125
20230905,-1.96794208888889,32.3720460606061
20230906,-1.44328304761905,29.4927757692308
20230907,-1.88218023913043,40.9335573529412
20230908,-2.44364136363636,47.714953902439
20230909,-2.23342263043478,35.2465211904762
20230910,-2.22692084444444,23.4433282926829
20230911,-1.64136710869565,22.8665902173913
20230912,-2.35793263043478,21.1627265217391
20230913,-1.5357021212766,33.0348108695652
20230914,-2.94112056756757,29.57535271875
20230915,-1.09278179069767,26.6974462162162
20230916,NA,NA
20230917,NA,NA
20230918,NA,NA
20230919,NA,NA
20230920,NA,NA
20230921,NA,NA
20230922,NA,NA
20230923,NA,NA
20230924,NA,NA
20230925,NA,NA
20230926,NA,NA
20230927,-1.08340255319149,15.3221184285714
20230928,NA,NA
20230929,-1.99018917416667,3.99771605744681
20230930,-1.95139844680851,5.93659289
20231001,-2.00090260416667,NA
20231002,-2.21893723404255,NA
20231003,-1.50057429166667,NA
20231004,-1.77332452083333,NA
20231005,-1.35968934090909,NA
20231006,-1.53793776190476,NA
20231007,-2.10548468085106,NA
20231008,-2.36928175,NA
20231009,-1.976511575,NA
20231010,0.0413358930232558,NA
20231011,NA,NA
20231012,0.703184719512195,NA
20231013,-2.84434026666667,NA
20231014,-1.09141448837209,NA
20231015,-0.9216400625,NA
20231016,-2.812772,NA
20231017,-2.377881,NA
20231018,-2.25849288636364,NA
20231019,-1.87976930232558,NA
20231020,-1.08784197826087,NA
20231021,-1.72689788095238,NA
20231022,-0.7915424,NA
20231023,-0.426179348837209,NA
20231024,-0.836053595744681,2.1253042
20231025,-1.68167738958333,-1.67875935128205
20231026,-1.52975760416667,1.3339814893617
20231027,-0.519027083333333,NA
20231028,-0.408262956521739,NA
20231029,-1.12811425,NA
20231030,-0.447971934782609,NA
20231031,0.906399933333333,NA
20231101,-1.93420860416667,NA
20231102,-1.90989313043478,NA
20231103,-1.86969662142857,NA
20231104,-1.21282417073171,NA
20231105,-2.11847333333333,NA
20231106,-3.20022505405405,NA
20231107,-0.193859189130435,NA
20231108,-1.1119164,NA
20231109,-0.560532022222222,NA
20231110,2.25296982222222,NA
20231111,2.73975635813953,NA
20231112,1.41539902391304,NA
20231113,NA,NA
20231114,NA,NA
20231115,NA,NA
20231116,2.79933846666667,NA
20231117,NA,NA
20231118,NA,NA
20231119,NA,NA
20231120,NA,NA
20231121,NA,NA
20231122,NA,NA
20231123,NA,NA
20231124,NA,NA
20231125,NA,NA
20231126,NA,NA
20231127,NA,NA
20231128,NA,NA
20231129,NA,NA
20231130,NA,NA
20231201,NA,NA
20231202,NA,NA
20231203,NA,NA
20231204,NA,NA
20231205,NA,NA
20231206,NA,19.981572
20231207,NA,7.12051955555556
20231208,NA,NA
20231209,-0.649208071428571,NA
20231210,NA,NA
20231211,NA,NA
20231212,NA,NA
20231213,NA,NA
20231214,-0.7188748125,NA
20231215,-0.0498967145833334,NA
20231216,-0.274096564102564,NA
20231217,NA,NA
20231218,NA,NA
20231219,NA,NA
20231220,NA,NA
20231221,-0.426597,NA
20231222,-0.184826638297872,NA
20231223,-0.25027502173913,NA
20231224,NA,NA
20231225,0.285489531914894,NA
20231226,-0.281532113043478,NA
20231227,NA,NA
20231228,NA,NA
20231229,NA,NA
20231230,NA,NA
20231231,NA,NA
